<?xml version="1.0" encoding="UTF-8"?>
<!DOCTYPE hibernate-configuration PUBLIC 
  "-//Hibernate/Hibernate Configuration DTD 3.0//EN" 
  "http://www.hibernate.org/dtd/hibernate-configuration-3.0.dtd">
<!-- Version 8 MySQL hiberante-cfg.xml example for Hibernate 5 -->
<hibernate-configuration>
	<session-factory>
		<property name="connection.driver_class">com.mysql.cj.jdbc.Driver</property>
		<property name="connection.url">jdbc:mysql://localhost:3306/bankingapp</property>
		<property name="dialect">org.hibernate.dialect.MySQL8Dialect</property>
		<property name="connection.username">root</property>
		<property name="connection.password">root</property>
		<property name="connection.pool_size">3</property>
		<property name="show_sql">true</property>
		<property name="hbm2ddl.auto">update</property>

		<mapping class="com.xoriant.bankingapp.model.Account" />
		<mapping class="com.xoriant.bankingapp.model.Address" />
		<mapping class="com.xoriant.bankingapp.model.Branch" />
		<mapping class="com.xoriant.bankingapp.model.Customer" />
		<mapping class="com.xoriant.bankingapp.model.CurrentAccount" />
		<mapping class="com.xoriant.bankingapp.model.Manager" />
		<mapping class="com.xoriant.bankingapp.model.PersonalInfo" />
		<mapping class="com.xoriant.bankingapp.model.SavingAccount" /> 
		<mapping class="com.xoriant.bankingapp.model.Transaction" /> 
		<mapping class="com.xoriant.bankingapp.model.User" /> 


	</session-factory>
</hibernate-configuration>